{"name":"7d416870-9cb9-43db-84d8-2890d22413af","id":"/providers/Microsoft.Flow/flows/7d416870-9cb9-43db-84d8-2890d22413af","type":"Microsoft.Flow/flows","properties":{"apiId":"/providers/Microsoft.PowerApps/apis/shared_logicflows","displayName":"Knightrider Attachment Processing","definition":{"metadata":{"workflowEntityId":null,"processAdvisorMetadata":null,"flowChargedByPaygo":null,"flowclientsuspensionreason":"None","flowclientsuspensiontime":null,"flowclientsuspensionreasondetails":null,"creator":{"id":"146bee7e-7ea8-4049-b786-5a3f1e9d84d4","type":"User","tenantId":"0c5638da-d686-4d6a-8df4-e0552c70cb17"},"provisioningMethod":"FromDefinition","failureAlertSubscription":true,"clientLastModifiedTime":"2024-08-27T10:12:34.6614114Z","connectionKeySavedTimeKey":"2024-08-27T10:12:34.6614114Z"},"$schema":"https://schema.management.azure.com/providers/Microsoft.Logic/schemas/2016-06-01/workflowdefinition.json#","contentVersion":"1.0.0.0","parameters":{"$authentication":{"defaultValue":{},"type":"SecureObject"},"$connections":{"defaultValue":{},"type":"Object"}},"triggers":{"When_a_new_email_arrives_(V3)":{"splitOn":"@triggerOutputs()?['body/value']","type":"OpenApiConnectionNotification","inputs":{"parameters":{"includeAttachments":true,"subjectFilter":"Files of request POWERBI","fetchOnlyWithAttachment":true},"host":{"apiId":"/providers/Microsoft.PowerApps/apis/shared_office365","connectionName":"shared_office365","operationId":"OnNewEmailV3"},"authentication":"@parameters('$authentication')"}}},"actions":{"For_each":{"foreach":"@triggerOutputs()?['body/attachments']","actions":{"Post_message_in_a_chat_or_channel":{"type":"OpenApiConnection","inputs":{"parameters":{"poster":"Flow bot","location":"Channel","body/recipient/groupId":"36c89175-6665-4a2e-b73e-cfd704976d81","body/recipient/channelId":"19:gSh7gmY9DGIMAWxOGPFfuHiYJkgTaLhSdg6w0Yqm2HU1@thread.tacv2","body/messageBody":"<p class=\"editor-paragraph\"></p><br>"},"host":{"apiId":"/providers/Microsoft.PowerApps/apis/shared_teams","connectionName":"shared_teams","operationId":"PostMessageToConversation"},"authentication":"@parameters('$authentication')"}}},"runAfter":{},"type":"Foreach"}},"outputs":{}},"connectionReferences":{"shared_office365":{"connectionName":"shared-office365-3179e058-902f-4c66-a5b1-8e88e24c96f7","source":"Embedded","id":"/providers/Microsoft.PowerApps/apis/shared_office365","tier":"NotSpecified"},"shared_teams":{"connectionName":"shared-teams-d4dba52a-4e91-40eb-a380-4924059f258f","source":"Embedded","id":"/providers/Microsoft.PowerApps/apis/shared_teams","tier":"NotSpecified"}},"flowFailureAlertSubscribed":false,"isManaged":false}}